date,season,opponent,home_score,away_score,attendance,status,game_pk,avg_temp_f,avg_precip_mm
2022-04-15,2022,Arizona Diamondbacks,10.0,3.0,43820,Final,662485,56.5,0.0
2022-04-16,2022,Arizona Diamondbacks,2.0,3.0,37935,Final,662626,56.7,0.0
2022-04-17,2022,Arizona Diamondbacks,5.0,0.0,24515,Final,662625,48.1,0.0
2022-04-19,2022,San Francisco Giants,3.0,1.0,27490,Final,662616,49.6,0.0
2022-04-19,2022,San Francisco Giants,5.0,4.0,,Final,662350,49.6,0.0
2022-04-20,2022,San Francisco Giants,2.0,5.0,30050,Final,662349,53.7,0.0
2022-04-21,2022,San Francisco Giants,6.0,2.0,28760,Final,662593,50.7,0.4
2022-04-29,2022,Philadelphia Phillies,3.0,0.0,32416,Final,662592,57.0,0.0
2022-04-30,2022,Philadelphia Phillies,1.0,4.0,40036,Final,662591,59.7,0.0
2022-05-01,2022,Philadelphia Phillies,10.0,6.0,30608,Final,662579,56.1,0.0
2022-05-02,2022,Atlanta Braves,2.0,5.0,23413,Final,662578,55.0,0.0
2022-05-03,2022,Atlanta Braves,3.0,0.0,27206,Final,662459,55.9,0.0
2022-05-03,2022,Atlanta Braves,5.0,4.0,,Final,662569,55.9,0.0
2022-05-04,2022,Atlanta Braves,2.0,9.0,23973,Final,662577,66.1,0.0
2022-05-13,2022,Seattle Mariners,1.0,2.0,36629,Final,662523,63.9,0.1
2022-05-14,2022,Seattle Mariners,5.0,4.0,37140,Final,662568,62.9,0.5
2022-05-15,2022,Seattle Mariners,7.0,8.0,38476,Final,662567,62.9,0.0
2022-05-17,2022,St. Louis Cardinals,3.0,4.0,27457,Final,662566,71.0,0.0
2022-05-17,2022,St. Louis Cardinals,3.0,1.0,,Final,662507,71.0,0.0
2022-05-18,2022,St. Louis Cardinals,11.0,4.0,32798,Final,662554,63.6,0.0
2022-05-19,2022,St. Louis Cardinals,7.0,6.0,28801,Final,662520,65.5,0.0
2022-05-27,2022,Philadelphia Phillies,8.0,6.0,30175,Final,662543,65.5,1.5
2022-05-28,2022,Philadelphia Phillies,8.0,2.0,37455,Final,662556,71.9,0.1
2022-05-29,2022,Philadelphia Phillies,5.0,4.0,36513,Final,662555,69.9,0.0
2022-05-30,2022,Washington Nationals,13.0,5.0,22007,Final,662545,74.2,0.0
2022-05-31,2022,Washington Nationals,10.0,0.0,25263,Final,662544,84.0,0.0
2022-06-01,2022,Washington Nationals,5.0,0.0,25417,Final,662457,64.4,0.0
2022-06-14,2022,Milwaukee Brewers,4.0,0.0,28495,Final,662441,77.4,0.0
2022-06-15,2022,Milwaukee Brewers,2.0,10.0,25422,Final,662480,71.0,0.0
2022-06-16,2022,Milwaukee Brewers,5.0,4.0,25002,Final,662535,69.7,0.0
2022-06-17,2022,Miami Marlins,10.0,4.0,36111,Final,662534,84.7,0.0
2022-06-18,2022,Miami Marlins,3.0,2.0,40021,Final,662533,65.9,0.0
2022-06-19,2022,Miami Marlins,2.0,6.0,41255,Final,662532,71.3,0.0
2022-06-20,2022,Miami Marlins,6.0,0.0,34947,Final,662522,77.9,0.0
2022-06-28,2022,Houston Astros,1.0,9.0,36673,Final,662521,75.1,0.0
2022-06-29,2022,Houston Astros,0.0,2.0,29230,Final,662440,76.2,0.0
2022-07-01,2022,Texas Rangers,4.0,3.0,35639,Final,662439,82.1,0.0
2022-07-02,2022,Texas Rangers,3.0,7.0,26494,Final,662456,76.2,2.8
2022-07-03,2022,Texas Rangers,4.0,1.0,25241,Final,662509,81.9,0.0
2022-07-07,2022,Miami Marlins,10.0,0.0,30555,Final,662508,75.9,0.0
2022-07-08,2022,Miami Marlins,2.0,5.0,25208,Final,662498,77.4,0.0
2022-07-09,2022,Miami Marlins,5.0,4.0,43336,Final,662497,78.0,0.0
2022-07-10,2022,Miami Marlins,0.0,2.0,34774,Final,662496,75.8,0.0
2022-07-22,2022,San Diego Padres,1.0,4.0,36855,Final,662481,85.4,0.0
2022-07-23,2022,San Diego Padres,1.0,2.0,39359,Final,662495,86.5,0.0
2022-07-24,2022,San Diego Padres,8.0,5.0,35475,Final,662458,88.7,0.0
2022-07-26,2022,New York Yankees,6.0,3.0,42364,Final,662438,79.2,0.0
2022-07-27,2022,New York Yankees,3.0,2.0,43693,Final,662420,79.5,0.0
2022-08-04,2022,Atlanta Braves,6.0,4.0,38693,Final,662419,83.7,0.0
2022-08-05,2022,Atlanta Braves,6.0,9.0,40305,Final,662418,84.9,0.0
2022-08-06,2022,Atlanta Braves,6.0,2.0,37452,Final,662417,82.6,0.0
2022-08-06,2022,Atlanta Braves,8.0,5.0,37790,Final,662499,82.6,0.0
2022-08-07,2022,Atlanta Braves,5.0,2.0,37717,Final,662416,84.0,0.2
2022-08-08,2022,Cincinnati Reds,5.0,1.0,28448,Final,662445,83.2,0.0
2022-08-09,2022,Cincinnati Reds,6.0,2.0,30816,Final,662444,86.7,0.6
2022-08-10,2022,Cincinnati Reds,10.0,2.0,36883,Final,662443,81.7,0.0
2022-08-12,2022,Philadelphia Phillies,1.0,2.0,38467,Final,662434,81.3,0.0
2022-08-13,2022,Philadelphia Phillies,1.0,0.0,43857,Final,662428,78.2,0.0
2022-08-14,2022,Philadelphia Phillies,6.0,0.0,40513,Final,662427,75.8,0.0
2022-08-25,2022,Colorado Rockies,3.0,1.0,37377,Final,662433,81.7,0.0
2022-08-26,2022,Colorado Rockies,7.0,6.0,32447,Final,662432,79.4,0.0
2022-08-27,2022,Colorado Rockies,3.0,0.0,42617,Final,662442,81.2,0.0
2022-08-28,2022,Colorado Rockies,0.0,1.0,36396,Final,662446,76.6,0.1
2022-08-30,2022,Los Angeles Dodgers,3.0,4.0,40607,Final,662426,79.1,0.0
2022-08-31,2022,Los Angeles Dodgers,2.0,1.0,41799,Final,662447,80.8,0.0
2022-09-01,2022,Los Angeles Dodgers,5.0,3.0,36908,Final,662410,81.6,0.0
2022-09-02,2022,Washington Nationals,7.0,3.0,33630,Final,662409,73.5,0.0
2022-09-03,2022,Washington Nationals,1.0,7.0,33509,Final,662425,74.3,0.0
2022-09-04,2022,Washington Nationals,1.0,7.0,31711,Final,662424,79.6,0.0
2022-09-12,2022,Chicago Cubs,2.0,5.0,28081,Final,662423,78.8,0.0
2022-09-13,2022,Chicago Cubs,1.0,4.0,26435,Final,662430,74.7,0.1
2022-09-14,2022,Chicago Cubs,3.0,6.0,28522,Final,662422,75.2,0.0
2022-09-15,2022,Pittsburgh Pirates,7.0,1.0,25683,Final,662398,68.2,0.0
2022-09-16,2022,Pittsburgh Pirates,4.0,3.0,28928,Final,662404,70.5,0.0
2022-09-17,2022,Pittsburgh Pirates,5.0,1.0,40111,Final,662403,68.8,0.0
2022-09-18,2022,Pittsburgh Pirates,7.0,3.0,36291,Final,662402,77.9,0.0
2022-09-27,2022,Miami Marlins,4.0,6.0,29067,Final,662401,66.4,0.0
2022-09-28,2022,Miami Marlins,5.0,4.0,28228,Final,662400,66.4,0.0
2022-10-04,2022,Washington Nationals,8.0,0.0,23649,Final,661095,55.9,2.6
2022-10-04,2022,Washington Nationals,4.0,2.0,,Final,661094,55.9,2.6
2022-10-05,2022,Washington Nationals,9.0,2.0,27298,Final,662488,60.0,0.0
2023-04-07,2023,Miami Marlins,9.0,3.0,43590,Final,718693,51.4,0.0
2023-04-08,2023,Miami Marlins,5.0,2.0,42306,Final,718661,46.2,0.0
2023-04-09,2023,Miami Marlins,2.0,7.0,33697,Final,718647,45.7,0.0
2023-04-10,2023,San Diego Padres,5.0,0.0,30244,Final,718634,52.5,0.0
2023-04-11,2023,San Diego Padres,2.0,4.0,30769,Final,718621,69.0,0.0
2023-04-12,2023,San Diego Padres,5.0,2.0,34876,Final,718610,77.0,0.0
2023-04-25,2023,Washington Nationals,0.0,5.0,20507,Final,718431,55.1,0.0
2023-04-26,2023,Washington Nationals,1.0,4.0,20191,Final,718412,52.9,0.0
2023-04-27,2023,Washington Nationals,9.0,8.0,20726,Final,718398,53.5,0.0
2023-05-01,2023,Atlanta Braves,5.0,3.0,27603,Final,718361,56.6,0.0
2023-05-01,2023,Atlanta Braves,8.0,9.0,,Final,718352,56.6,0.0
2023-05-05,2023,Colorado Rockies,1.0,0.0,25854,Final,718302,55.2,0.9
2023-05-06,2023,Colorado Rockies,2.0,5.0,35692,Final,718290,65.2,0.0
2023-05-07,2023,Colorado Rockies,6.0,13.0,36501,Final,718276,63.9,0.0
2023-05-16,2023,Tampa Bay Rays,5.0,8.0,28296,Final,718150,75.0,0.0
2023-05-17,2023,Tampa Bay Rays,8.0,7.0,29695,Final,718135,60.0,0.0
2023-05-18,2023,Tampa Bay Rays,3.0,2.0,29946,Final,718122,54.9,0.0
2023-05-19,2023,Cleveland Guardians,10.0,9.0,35010,Final,718119,60.5,0.0
2023-05-21,2023,Cleveland Guardians,2.0,1.0,29862,Final,718082,67.6,0.0
2023-05-21,2023,Cleveland Guardians,5.0,4.0,39995,Final,718099,67.6,0.0
2023-05-30,2023,Philadelphia Phillies,2.0,0.0,36236,Final,717962,63.4,0.0
2023-05-31,2023,Philadelphia Phillies,4.0,1.0,39641,Final,717944,67.0,0.0
2023-06-01,2023,Philadelphia Phillies,4.0,2.0,38302,Final,717934,71.8,0.0
2023-06-02,2023,Toronto Blue Jays,0.0,3.0,42637,Final,717929,74.5,0.0
2023-06-03,2023,Toronto Blue Jays,1.0,2.0,37704,Final,717910,64.7,0.0
2023-06-04,2023,Toronto Blue Jays,4.0,6.0,42169,Final,717900,64.9,0.0
2023-06-13,2023,New York Yankees,6.0,7.0,43707,Final,717779,77.3,0.0
2023-06-14,2023,New York Yankees,4.0,3.0,44121,Final,717766,64.2,0.5
2023-06-16,2023,St. Louis Cardinals,6.0,1.0,33948,Final,717743,66.9,2.6
2023-06-17,2023,St. Louis Cardinals,3.0,5.0,39143,Final,717718,73.7,0.0
2023-06-18,2023,St. Louis Cardinals,7.0,8.0,43110,Final,717713,76.4,0.0
2023-06-26,2023,Milwaukee Brewers,1.0,2.0,34384,Final,717607,74.3,0.1
2023-06-27,2023,Milwaukee Brewers,7.0,2.0,35295,Final,717597,73.4,0.0
2023-06-28,2023,Milwaukee Brewers,2.0,5.0,28440,Final,717581,74.6,0.7
2023-06-29,2023,Milwaukee Brewers,2.0,3.0,30282,Final,717565,75.9,0.0
2023-06-30,2023,San Francisco Giants,4.0,5.0,30116,Final,717556,75.1,0.0
2023-07-01,2023,San Francisco Giants,4.0,1.0,34887,Final,717535,74.1,0.0
2023-07-02,2023,San Francisco Giants,8.0,4.0,28473,Final,717525,77.1,0.8
2023-07-14,2023,Los Angeles Dodgers,0.0,6.0,40503,Final,717413,77.0,0.1
2023-07-15,2023,Los Angeles Dodgers,1.0,5.0,38225,Final,717400,79.3,0.3
2023-07-16,2023,Los Angeles Dodgers,2.0,1.0,34805,Final,717385,76.2,0.8
2023-07-18,2023,Chicago White Sox,11.0,10.0,37109,Final,717359,78.2,0.1
2023-07-19,2023,Chicago White Sox,5.0,1.0,34873,Final,717341,76.8,0.0
2023-07-20,2023,Chicago White Sox,2.0,6.0,34751,Final,717330,78.1,0.0
2023-07-27,2023,Washington Nationals,2.0,1.0,32834,Final,717241,86.1,0.0
2023-07-28,2023,Washington Nationals,5.0,1.0,25385,Final,717230,84.7,0.0
2023-07-29,2023,Washington Nationals,6.0,11.0,30858,Final,717215,86.9,0.6
2023-07-30,2023,Washington Nationals,5.0,2.0,33861,Final,717203,75.8,0.0
2023-08-07,2023,Chicago Cubs,11.0,2.0,29070,Final,717092,77.6,2.8
2023-08-08,2023,Chicago Cubs,2.0,3.0,29640,Final,717080,76.5,0.0
2023-08-09,2023,Chicago Cubs,4.0,3.0,37527,Final,717062,81.6,0.0
2023-08-11,2023,Atlanta Braves,0.0,7.0,37339,Final,717040,80.3,0.0
2023-08-12,2023,Atlanta Braves,0.0,6.0,30254,Final,717021,76.5,0.5
2023-08-12,2023,Atlanta Braves,3.0,21.0,39859,Final,718371,76.5,0.5
2023-08-13,2023,Atlanta Braves,7.0,6.0,30338,Final,717013,83.5,0.0
2023-08-14,2023,Pittsburgh Pirates,7.0,2.0,23151,Final,717002,79.0,0.0
2023-08-15,2023,Pittsburgh Pirates,4.0,7.0,35439,Final,716988,78.1,0.0
2023-08-16,2023,Pittsburgh Pirates,8.0,3.0,30049,Final,716974,76.0,0.2
2023-08-25,2023,Los Angeles Angels,1.0,3.0,38271,Final,716855,75.5,0.0
2023-08-26,2023,Los Angeles Angels,3.0,5.0,35890,Final,716840,79.0,0.0
2023-08-27,2023,Los Angeles Angels,3.0,2.0,38341,Final,716829,78.1,0.0
2023-08-28,2023,Texas Rangers,3.0,4.0,21696,Final,716818,71.8,0.0
2023-08-29,2023,Texas Rangers,1.0,2.0,29353,Final,716799,76.0,0.0
2023-08-30,2023,Texas Rangers,6.0,5.0,23849,Final,716783,80.4,0.0
2023-09-01,2023,Seattle Mariners,2.0,1.0,33340,Final,716769,69.6,0.0
2023-09-02,2023,Seattle Mariners,7.0,8.0,31480,Final,716751,71.0,0.0
2023-09-03,2023,Seattle Mariners,6.0,3.0,27764,Final,716742,82.4,0.0
2023-09-11,2023,Arizona Diamondbacks,3.0,4.0,25230,Final,716627,75.3,0.3
2023-09-12,2023,Arizona Diamondbacks,7.0,4.0,33506,Final,716615,77.6,0.0
2023-09-13,2023,Arizona Diamondbacks,7.0,1.0,22026,Final,716595,74.9,0.1
2023-09-14,2023,Arizona Diamondbacks,11.0,1.0,22879,Final,716588,72.0,0.0
2023-09-15,2023,Cincinnati Reds,3.0,5.0,27811,Final,716574,67.6,0.0
2023-09-16,2023,Cincinnati Reds,2.0,3.0,32633,Final,716555,71.6,0.0
2023-09-17,2023,Cincinnati Reds,8.0,4.0,38044,Final,716545,68.4,0.0
2023-09-27,2023,Miami Marlins,2.0,4.0,24966,Final,716430,61.2,0.0
2023-09-27,2023,Miami Marlins,11.0,2.0,,Final,716411,61.2,0.0
2023-09-30,2023,Philadelphia Phillies,11.0,4.0,41102,Final,716393,66.3,0.0
2023-09-30,2023,Philadelphia Phillies,4.0,3.0,,Final,716376,66.3,0.0
2023-10-01,2023,Philadelphia Phillies,1.0,9.0,41212,Final,716355,72.0,0.0
2024-03-29,2024,Milwaukee Brewers,1.0,3.0,42137,Final,745848,48.7,0.0
2024-03-30,2024,Milwaukee Brewers,6.0,7.0,30296,Final,745850,55.1,0.0
2024-03-31,2024,Milwaukee Brewers,1.0,4.0,22222,Final,745845,57.2,0.0
2024-04-01,2024,Detroit Tigers,0.0,5.0,16853,Final,745842,51.2,0.0
2024-04-04,2024,Detroit Tigers,2.0,1.0,15020,Final,745843,44.8,0.0
2024-04-04,2024,Detroit Tigers,3.0,6.0,,Final,745844,44.8,0.0
2024-04-12,2024,Kansas City Royals,6.0,1.0,18822,Final,745838,61.3,0.0
2024-04-13,2024,Kansas City Royals,7.0,11.0,25387,Final,745839,50.4,0.1
2024-04-14,2024,Kansas City Royals,2.0,1.0,32749,Final,745841,59.3,0.0
2024-04-15,2024,Pittsburgh Pirates,6.0,3.0,18266,Final,745840,68.7,0.0
2024-04-16,2024,Pittsburgh Pirates,3.0,1.0,18398,Final,745837,63.9,0.0
2024-04-17,2024,Pittsburgh Pirates,9.0,1.0,18092,Final,745836,51.1,0.2
2024-04-26,2024,St. Louis Cardinals,2.0,4.0,24159,Final,745835,49.9,0.0
2024-04-27,2024,St. Louis Cardinals,4.0,7.0,32332,Final,745833,50.8,0.0
2024-04-28,2024,St. Louis Cardinals,4.0,2.0,30980,Final,745834,62.5,0.1
2024-04-29,2024,Chicago Cubs,1.0,3.0,25046,Final,745832,68.9,0.1
2024-04-30,2024,Chicago Cubs,4.0,2.0,22880,Final,745831,63.3,0.0
2024-05-01,2024,Chicago Cubs,0.0,1.0,22485,Final,745829,59.9,0.0
2024-05-02,2024,Chicago Cubs,7.0,6.0,22224,Final,745830,71.2,0.0
2024-05-10,2024,Atlanta Braves,2.0,4.0,23355,Final,745827,50.2,0.2
2024-05-11,2024,Atlanta Braves,1.0,4.0,38919,Final,745828,53.3,0.0
2024-05-12,2024,Atlanta Braves,4.0,3.0,18944,Final,745825,52.1,0.0
2024-05-13,2024,Philadelphia Phillies,4.0,5.0,28086,Final,745826,58.7,0.0
2024-05-14,2024,Philadelphia Phillies,0.0,4.0,30047,Final,745821,62.1,0.1
2024-05-24,2024,San Francisco Giants,7.0,8.0,26658,Final,745822,75.5,0.0
2024-05-25,2024,San Francisco Giants,2.0,7.0,32971,Final,745823,66.9,0.0
2024-05-26,2024,San Francisco Giants,4.0,3.0,41016,Final,745824,67.5,0.0
2024-05-28,2024,Los Angeles Dodgers,0.0,3.0,36021,Final,745816,77.5,0.0
2024-05-28,2024,Los Angeles Dodgers,2.0,5.0,,Final,745818,77.5,0.0
2024-05-29,2024,Los Angeles Dodgers,3.0,10.0,23890,Final,745817,70.1,0.1
2024-05-30,2024,Arizona Diamondbacks,3.0,2.0,20926,Final,745819,68.0,0.0
2024-05-31,2024,Arizona Diamondbacks,10.0,9.0,33884,Final,745820,72.0,0.0
2024-06-01,2024,Arizona Diamondbacks,5.0,10.0,30600,Final,745812,76.3,0.0
2024-06-02,2024,Arizona Diamondbacks,4.0,5.0,31059,Final,745813,72.5,0.0
2024-06-11,2024,Miami Marlins,2.0,4.0,22070,Final,745815,69.9,0.1
2024-06-12,2024,Miami Marlins,10.0,4.0,19803,Final,745811,70.2,0.0
2024-06-13,2024,Miami Marlins,3.0,2.0,22485,Final,745809,73.5,0.0
2024-06-14,2024,San Diego Padres,2.0,1.0,22850,Final,745810,71.4,1.1
2024-06-15,2024,San Diego Padres,5.0,1.0,37031,Final,745805,77.1,0.0
2024-06-16,2024,San Diego Padres,11.0,6.0,31454,Final,745807,69.3,0.0
2024-06-25,2024,New York Yankees,9.0,7.0,42824,Final,745806,79.3,0.0
2024-06-26,2024,New York Yankees,12.0,2.0,43004,Final,745808,79.9,0.0
2024-06-28,2024,Houston Astros,7.0,2.0,32465,Final,745804,69.5,0.0
2024-06-29,2024,Houston Astros,6.0,9.0,32348,Final,745801,75.8,0.0
2024-06-30,2024,Houston Astros,5.0,10.0,26853,Final,745802,80.9,3.9
2024-07-09,2024,Washington Nationals,7.0,5.0,31243,Final,745803,79.6,0.1
2024-07-10,2024,Washington Nationals,6.0,2.0,24887,Final,745796,78.9,0.0
2024-07-11,2024,Washington Nationals,7.0,0.0,25710,Final,745799,80.1,0.0
2024-07-12,2024,Colorado Rockies,7.0,6.0,28852,Final,745800,78.6,0.3
2024-07-13,2024,Colorado Rockies,7.0,3.0,31029,Final,745798,80.1,0.0
2024-07-14,2024,Colorado Rockies,5.0,8.0,24970,Final,745797,80.7,0.0
2024-07-25,2024,Atlanta Braves,3.0,2.0,34807,Final,745794,84.0,0.0
2024-07-26,2024,Atlanta Braves,8.0,4.0,34673,Final,745792,82.7,0.0
2024-07-27,2024,Atlanta Braves,0.0,4.0,35149,Final,745793,79.7,0.0
2024-07-28,2024,Atlanta Braves,2.0,9.0,26916,Final,745795,77.3,0.0
2024-07-29,2024,Minnesota Twins,15.0,2.0,28507,Final,745791,77.7,0.0
2024-07-30,2024,Minnesota Twins,2.0,0.0,27767,Final,745787,78.8,0.0
2024-07-31,2024,Minnesota Twins,3.0,8.0,28875,Final,745789,80.0,0.8
2024-08-13,2024,Oakland Athletics,4.0,9.0,31923,Final,745788,77.6,0.0
2024-08-14,2024,Oakland Athletics,9.0,1.0,28288,Final,745790,80.1,0.0
2024-08-15,2024,Oakland Athletics,6.0,7.0,28461,Final,745783,82.4,0.0
2024-08-16,2024,Miami Marlins,7.0,3.0,32311,Final,745784,78.2,0.1
2024-08-17,2024,Miami Marlins,4.0,0.0,34744,Final,745785,75.2,0.1
2024-08-18,2024,Miami Marlins,2.0,3.0,30596,Final,745786,75.1,0.2
2024-08-19,2024,Baltimore Orioles,4.0,3.0,26874,Final,745780,74.3,0.4
2024-08-20,2024,Baltimore Orioles,5.0,9.0,34225,Final,745782,69.9,0.0
2024-08-21,2024,Baltimore Orioles,4.0,3.0,32871,Final,745781,70.6,0.0
2024-09-02,2024,Boston Red Sox,4.0,1.0,35064,Final,745779,74.7,0.0
2024-09-03,2024,Boston Red Sox,7.0,2.0,29400,Final,745778,70.8,0.0
2024-09-04,2024,Boston Red Sox,8.0,3.0,26270,Final,745776,69.8,0.0
2024-09-06,2024,Cincinnati Reds,6.0,4.0,25335,Final,745777,73.4,0.0
2024-09-07,2024,Cincinnati Reds,4.0,0.0,34048,Final,745775,67.0,2.0
2024-09-08,2024,Cincinnati Reds,1.0,3.0,28142,Final,745774,68.2,0.0
2024-09-16,2024,Washington Nationals,2.0,1.0,21694,Final,745773,71.2,0.0
2024-09-17,2024,Washington Nationals,10.0,1.0,24932,Final,745772,73.1,0.0
2024-09-18,2024,Washington Nationals,10.0,0.0,34196,Final,745771,72.1,0.0
2024-09-19,2024,Philadelphia Phillies,10.0,6.0,35982,Final,745769,80.8,0.0
2024-09-20,2024,Philadelphia Phillies,2.0,12.0,41474,Final,745770,74.9,0.0
2024-09-21,2024,Philadelphia Phillies,6.0,3.0,44152,Final,745768,69.6,0.0
2024-09-22,2024,Philadelphia Phillies,2.0,1.0,43139,Final,745767,70.0,0.0
2025-04-04,2025,Toronto Blue Jays,5.0,0.0,43945,Final,778465,64.0,0.0
2025-04-05,2025,Toronto Blue Jays,3.0,2.0,37694,Final,778446,47.3,0.2
2025-04-06,2025,Toronto Blue Jays,2.0,1.0,40132,Final,778435,56.1,0.0
2025-04-07,2025,Miami Marlins,2.0,0.0,28630,Final,778416,43.3,0.1
2025-04-08,2025,Miami Marlins,10.0,5.0,28861,Final,778407,39.2,0.0
2025-04-09,2025,Miami Marlins,0.0,5.0,29232,Final,778390,43.5,0.0
2025-04-17,2025,St. Louis Cardinals,4.0,1.0,38246,Final,778278,57.3,0.0
2025-04-18,2025,St. Louis Cardinals,5.0,4.0,39627,Final,778270,55.1,0.0
2025-04-19,2025,St. Louis Cardinals,3.0,0.0,42339,Final,778256,79.9,0.0
2025-04-20,2025,St. Louis Cardinals,7.0,4.0,38347,Final,778244,63.4,0.0
2025-04-21,2025,Philadelphia Phillies,5.0,4.0,35430,Final,778225,52.8,0.0
2025-04-22,2025,Philadelphia Phillies,5.0,1.0,36468,Final,778223,73.7,0.0
2025-04-23,2025,Philadelphia Phillies,4.0,3.0,36863,Final,778203,69.9,0.0
2025-04-29,2025,Arizona Diamondbacks,8.0,3.0,35218,Final,778130,64.1,0.0
2025-04-30,2025,Arizona Diamondbacks,3.0,4.0,31904,Final,778117,71.2,0.0
2025-05-01,2025,Arizona Diamondbacks,2.0,4.0,36239,Final,778103,62.2,0.0
2025-05-09,2025,Chicago Cubs,7.0,2.0,41243,Final,778001,61.2,0.5
2025-05-10,2025,Chicago Cubs,5.0,6.0,41423,Final,777982,66.6,0.0
2025-05-11,2025,Chicago Cubs,6.0,2.0,41673,Final,777968,69.1,0.0
2025-05-12,2025,Pittsburgh Pirates,4.0,3.0,35580,Final,777950,62.5,0.0
2025-05-13,2025,Pittsburgh Pirates,2.0,1.0,35926,Final,777943,62.8,0.2
2025-05-14,2025,Pittsburgh Pirates,0.0,4.0,34473,Final,777919,61.9,1.5
2025-05-23,2025,Los Angeles Dodgers,5.0,7.0,40449,Final,777808,59.2,0.1
2025-05-24,2025,Los Angeles Dodgers,5.0,2.0,41332,Final,777789,60.1,0.0
2025-05-25,2025,Los Angeles Dodgers,3.0,1.0,41917,Final,777773,64.1,0.0
2025-05-26,2025,Chicago White Sox,2.0,1.0,39938,Final,777758,68.0,0.0
2025-05-27,2025,Chicago White Sox,6.0,4.0,34944,Final,777749,64.8,0.0
2025-05-28,2025,Chicago White Sox,4.0,9.0,34021,Final,777737,57.7,1.4
2025-05-30,2025,Colorado Rockies,4.0,2.0,41270,Final,777718,65.5,0.0
2025-05-31,2025,Colorado Rockies,8.0,2.0,41681,Final,777700,62.2,0.7
2025-06-01,2025,Colorado Rockies,5.0,3.0,43224,Final,777686,63.8,0.0
2025-06-10,2025,Washington Nationals,5.0,4.0,38472,Final,777570,74.0,0.0
2025-06-11,2025,Washington Nationals,5.0,0.0,40681,Final,777555,77.8,0.0
2025-06-12,2025,Washington Nationals,4.0,3.0,39779,Final,777544,88.7,0.0
2025-06-13,2025,Tampa Bay Rays,5.0,7.0,41622,Final,777528,76.8,0.2
2025-06-14,2025,Tampa Bay Rays,4.0,8.0,41662,Final,777518,63.9,0.4
2025-06-15,2025,Tampa Bay Rays,0.0,9.0,42804,Final,777502,65.5,0.0
2025-06-23,2025,Atlanta Braves,2.0,3.0,38593,Final,777389,88.2,0.0
2025-06-24,2025,Atlanta Braves,4.0,7.0,38130,Final,777387,101.7,0.0
2025-06-25,2025,Atlanta Braves,7.0,3.0,38275,Final,777369,98.2,0.0
2025-06-26,2025,Atlanta Braves,4.0,0.0,42646,Final,777352,77.7,0.0
2025-07-02,2025,Milwaukee Brewers,7.0,3.0,41123,Final,777276,79.2,0.1
2025-07-02,2025,Milwaukee Brewers,2.0,7.0,36335,Final,777289,79.2,0.1
2025-07-03,2025,Milwaukee Brewers,3.0,2.0,42241,Final,777257,83.4,0.1
2025-07-04,2025,New York Yankees,6.0,5.0,41216,Final,777250,82.3,0.0
2025-07-05,2025,New York Yankees,12.0,6.0,41401,Final,777241,81.9,0.0
2025-07-06,2025,New York Yankees,4.0,6.0,41117,Final,777216,82.3,0.0
2025-07-18,2025,Cincinnati Reds,4.0,8.0,42390,Final,777111,84.8,0.0
2025-07-19,2025,Cincinnati Reds,2.0,5.0,42605,Final,777092,79.6,0.0
2025-07-20,2025,Cincinnati Reds,3.0,2.0,42981,Final,777087,87.8,0.2
2025-07-21,2025,Los Angeles Angels,7.0,5.0,41442,Final,777061,85.3,0.0
2025-07-22,2025,Los Angeles Angels,3.0,2.0,43055,Final,777054,77.4,0.0
2025-07-23,2025,Los Angeles Angels,6.0,3.0,41591,Final,777034,78.6,0.0
2025-08-01,2025,San Francisco Giants,3.0,4.0,42777,Final,776926,71.9,0.0
2025-08-02,2025,San Francisco Giants,12.0,6.0,43455,Final,776911,75.9,0.0
2025-08-03,2025,San Francisco Giants,4.0,12.0,42876,Final,776887,78.6,0.0
2025-08-04,2025,Cleveland Guardians,6.0,7.0,37886,Final,776876,83.7,0.0
2025-08-05,2025,Cleveland Guardians,2.0,3.0,39895,Final,776863,80.8,0.0
2025-08-06,2025,Cleveland Guardians,1.0,4.0,40072,Final,776846,75.9,0.0
2025-08-12,2025,Atlanta Braves,13.0,5.0,39748,Final,776772,81.5,0.0
2025-08-13,2025,Atlanta Braves,6.0,11.0,38647,Final,776756,80.5,0.1
2025-08-14,2025,Atlanta Braves,3.0,4.0,41782,Final,776748,86.2,0.0
2025-08-15,2025,Seattle Mariners,9.0,11.0,41200,Final,776736,84.1,0.0
2025-08-16,2025,Seattle Mariners,3.0,1.0,42978,Final,776726,80.3,0.1
2025-08-25,2025,Philadelphia Phillies,13.0,3.0,41983,Final,776598,84.5,0.0
2025-08-26,2025,Philadelphia Phillies,6.0,5.0,41914,Final,776585,76.3,0.0
2025-08-27,2025,Philadelphia Phillies,6.0,0.0,41893,Final,776566,75.0,0.0
2025-08-28,2025,Miami Marlins,4.0,7.0,37975,Final,776558,72.6,0.3
2025-08-29,2025,Miami Marlins,19.0,9.0,42112,Final,776548,76.4,0.0
2025-08-30,2025,Miami Marlins,8.0,11.0,42726,Final,776535,76.3,0.0
2025-08-31,2025,Miami Marlins,1.0,5.0,43302,Final,776519,73.8,0.0
2025-09-12,2025,Texas Rangers,3.0,8.0,41040,Final,776359,74.8,0.0
2025-09-13,2025,Texas Rangers,2.0,3.0,41752,Final,776349,71.3,0.0
2025-09-14,2025,Texas Rangers,5.0,2.0,40024,Final,776335,75.8,0.0
2025-09-16,2025,San Diego Padres,8.0,3.0,41819,Final,776304,70.2,0.0
2025-09-17,2025,San Diego Padres,4.0,7.0,41783,Final,776288,67.6,0.1
2025-09-18,2025,San Diego Padres,6.0,1.0,38127,Final,776276,76.8,0.0
2025-09-19,2025,Washington Nationals,12.0,6.0,39484,Final,776259,80.9,0.0
2025-09-20,2025,Washington Nationals,3.0,5.0,43412,Final,776252,70.9,0.0
2025-09-21,2025,Washington Nationals,2.0,3.0,42960,Final,776237,66.6,0.0
